id,sessionId,operationId,tier,operationState,totalParts,completedParts,currentPart,startedAt,lastPartCompletedAt,completedAt,estimatedCompletionAt,lastError,lastErrorAt,failedPart,retryCount,triggeredBy,adminNotes,createdAt,updatedAt
1,session-123,fad00100-5bbc-4236-b667-748c8b50254c,full,initialized,6,0,0,,,,2026-01-04 17:44:31,,,,0,user,,2026-01-04 17:38:31,2026-01-04 17:38:31
2,,6c05ac34-0dd7-40f5-9ddf-ada6d03137ea,standard,initialized,1,0,0,,,,2026-01-04 17:39:01,,,,0,user,,2026-01-04 17:38:31,2026-01-04 17:38:31
3,,9d18173a-2380-49cc-a0da-758edaae1664,standard,initialized,1,0,0,,,,2026-01-04 17:39:01,,,,0,user,,2026-01-04 17:38:31,2026-01-04 17:38:31
4,observer-session,6792e6b1-8f20-45fa-be50-7c20cac775f3,standard,initialized,1,0,0,,,,2026-01-04 17:39:01,,,,0,user,,2026-01-04 17:38:31,2026-01-04 17:38:31
5,insider-session,ed763c76-a2fb-40ff-b434-33a78a1adfdf,medium,initialized,2,0,0,,,,2026-01-04 17:40:01,,,,0,user,,2026-01-04 17:38:31,2026-01-04 17:38:31
6,syndicate-session,080710fa-e427-45e0-9bc5-df99071ce12f,full,initialized,6,0,0,,,,2026-01-04 17:44:31,,,,0,user,,2026-01-04 17:38:31,2026-01-04 17:38:31
7,partial-session,4c382669-d7b7-41a8-aedf-06c4d85d7d7a,full,initialized,6,0,0,,,,2026-01-04 17:44:31,,,,0,user,,2026-01-04 17:38:31,2026-01-04 17:38:31
8,user-session,436851ea-3b7d-48b8-be5e-ce50e71f8d49,standard,initialized,1,0,0,,,,2026-01-04 17:39:01,,,,0,user,,2026-01-04 17:38:31,2026-01-04 17:38:31
9,system-session,18a69007-cb89-40e2-81a6-3d8b08fb31e1,standard,initialized,1,0,0,,,,2026-01-04 17:39:01,,,,0,system,,2026-01-04 17:38:31,2026-01-04 17:38:31
10,admin-session,77c8a4c1-3e13-4b32-89be-16c8e43eb72d,standard,initialized,1,0,0,,,,2026-01-04 17:39:01,,,,0,admin,,2026-01-04 17:38:31,2026-01-04 17:38:31
11,retry-session,8fe68bd1-73f0-4e83-9914-6713232070b6,standard,initialized,1,0,0,,,,2026-01-04 17:39:01,,,,0,retry_queue,,2026-01-04 17:38:31,2026-01-04 17:38:31
12,concurrent-0,8835922a-fe32-46b8-8db0-265fd0248e67,standard,initialized,1,0,0,,,,2026-01-04 17:39:01,,,,0,user,,2026-01-04 17:38:31,2026-01-04 17:38:31
13,concurrent-1,f6a43097-90aa-4669-a3e2-38a37164f07d,standard,initialized,1,0,0,,,,2026-01-04 17:39:01,,,,0,user,,2026-01-04 17:38:31,2026-01-04 17:38:31
14,concurrent-2,9ab40682-572c-41fc-9408-878a6fc490f0,standard,initialized,1,0,0,,,,2026-01-04 17:39:01,,,,0,user,,2026-01-04 17:38:31,2026-01-04 17:38:31
15,concurrent-3,7de718d8-5563-4760-bf46-8322b95f2de9,standard,initialized,1,0,0,,,,2026-01-04 17:39:01,,,,0,user,,2026-01-04 17:38:31,2026-01-04 17:38:31
16,concurrent-4,2bd41447-982f-4fea-9eb8-c2ed7de831f0,standard,initialized,1,0,0,,,,2026-01-04 17:39:01,,,,0,user,,2026-01-04 17:38:32,2026-01-04 17:38:32
17,concurrent-5,290d848d-7814-48c6-980e-91ee4ec63f36,standard,initialized,1,0,0,,,,2026-01-04 17:39:01,,,,0,user,,2026-01-04 17:38:32,2026-01-04 17:38:32
18,concurrent-6,923f80c4-49df-4263-b352-c57fe54ee4df,standard,initialized,1,0,0,,,,2026-01-04 17:39:01,,,,0,user,,2026-01-04 17:38:32,2026-01-04 17:38:32
19,concurrent-7,e156f091-50c7-4744-bed4-5820cda0f9e1,standard,initialized,1,0,0,,,,2026-01-04 17:39:01,,,,0,user,,2026-01-04 17:38:32,2026-01-04 17:38:32
20,concurrent-8,eb48b5b3-b0a3-4308-b652-264786a4dd98,standard,initialized,1,0,0,,,,2026-01-04 17:39:01,,,,0,user,,2026-01-04 17:38:32,2026-01-04 17:38:32
21,concurrent-9,e2748eef-0cba-4bc8-b8ae-105b60fa7166,standard,initialized,1,0,0,,,,2026-01-04 17:39:01,,,,0,user,,2026-01-04 17:38:32,2026-01-04 17:38:32
22,error-session-1,3de67c59-c764-405f-bcf7-913d10ef5bf5,standard,initialized,1,0,0,,,,2026-01-04 17:39:01,,,,0,user,,2026-01-04 17:38:32,2026-01-04 17:38:32
23,error-session-2,c4a72685-dd8a-40b2-b5a8-3723b5b36012,standard,initialized,1,0,0,,,,2026-01-04 17:39:01,,,,0,user,,2026-01-04 17:38:32,2026-01-04 17:38:32
24,post-reset-session,d1ab4030-4088-4cbb-8737-eae448a79d39,standard,initialized,1,0,0,,,,2026-01-04 17:39:01,,,,0,user,,2026-01-04 17:38:32,2026-01-04 17:38:32
25,debug-session,dd5215ed-0145-4001-8b9e-acd4c66f099f,standard,initialized,1,0,0,,,,2026-01-04 17:39:01,,,,0,user,,2026-01-04 17:38:32,2026-01-04 17:38:32
26,async-session,d551f19d-a430-4ffe-970a-3a6b5a9d96c8,standard,initialized,1,0,0,,,,2026-01-04 17:39:01,,,,0,user,,2026-01-04 17:38:32,2026-01-04 17:38:32
27,sync-session,6b753870-76bd-49d2-940b-d4c4d25afa0e,standard,initialized,1,0,0,,,,2026-01-04 17:39:01,,,,0,user,,2026-01-04 17:38:32,2026-01-04 17:38:32
28,combined-session,b5f26217-ec6c-44bf-b9b1-1b9197141084,standard,initialized,1,0,0,,,,2026-01-04 17:39:01,,,,0,user,,2026-01-04 17:38:32,2026-01-04 17:38:32
29,memory-test-0,28fd68db-481d-4cde-8d1c-d7678bf57283,standard,initialized,1,0,0,,,,2026-01-04 17:39:01,,,,0,user,,2026-01-04 17:38:32,2026-01-04 17:38:32
30,memory-test-1,8dc488ec-3417-4010-a186-dc55031df737,standard,initialized,1,0,0,,,,2026-01-04 17:39:01,,,,0,user,,2026-01-04 17:38:32,2026-01-04 17:38:32
31,memory-test-2,f59aad09-5ebc-41c9-b0b3-ba6509098e43,standard,initialized,1,0,0,,,,2026-01-04 17:39:01,,,,0,user,,2026-01-04 17:38:32,2026-01-04 17:38:32
32,memory-test-3,587f2cac-5000-4775-a0f6-ebad68179050,standard,initialized,1,0,0,,,,2026-01-04 17:39:01,,,,0,user,,2026-01-04 17:38:32,2026-01-04 17:38:32
33,memory-test-4,8f43b873-0888-41b2-8d88-48e0f4b6e58d,standard,initialized,1,0,0,,,,2026-01-04 17:39:01,,,,0,user,,2026-01-04 17:38:32,2026-01-04 17:38:32
34,memory-test-5,054d9aa0-f9f1-475f-8b0b-e795007a5bb3,standard,initialized,1,0,0,,,,2026-01-04 17:39:01,,,,0,user,,2026-01-04 17:38:32,2026-01-04 17:38:32
35,memory-test-6,202b5185-4927-4835-a246-58ce382f6824,standard,initialized,1,0,0,,,,2026-01-04 17:39:01,,,,0,user,,2026-01-04 17:38:33,2026-01-04 17:38:33
36,memory-test-7,785c1f18-cfc8-48d0-95c1-04af0bcfd205,standard,initialized,1,0,0,,,,2026-01-04 17:39:01,,,,0,user,,2026-01-04 17:38:33,2026-01-04 17:38:33
37,memory-test-8,756dfa0b-2203-484b-a689-9b7416f276ba,standard,initialized,1,0,0,,,,2026-01-04 17:39:01,,,,0,user,,2026-01-04 17:38:33,2026-01-04 17:38:33
38,memory-test-9,6f587fa1-d454-47ca-b984-c653794fb6a9,standard,initialized,1,0,0,,,,2026-01-04 17:39:01,,,,0,user,,2026-01-04 17:38:33,2026-01-04 17:38:33
39,memory-test-10,a20a3083-9b97-4849-bae3-77095e220c71,standard,initialized,1,0,0,,,,2026-01-04 17:39:01,,,,0,user,,2026-01-04 17:38:33,2026-01-04 17:38:33
40,memory-test-11,88b58c4b-fd3a-4218-8b74-0a0f934aa0c4,standard,initialized,1,0,0,,,,2026-01-04 17:39:01,,,,0,user,,2026-01-04 17:38:33,2026-01-04 17:38:33
41,memory-test-12,82843720-eab5-41cf-87f9-8536893f336c,standard,initialized,1,0,0,,,,2026-01-04 17:39:01,,,,0,user,,2026-01-04 17:38:33,2026-01-04 17:38:33
42,memory-test-13,ae4f0de6-d1af-4520-b939-b1a4dc797828,standard,initialized,1,0,0,,,,2026-01-04 17:39:01,,,,0,user,,2026-01-04 17:38:33,2026-01-04 17:38:33
43,memory-test-14,95e9672f-307f-4ad4-b803-b7cb2579bac1,standard,initialized,1,0,0,,,,2026-01-04 17:39:01,,,,0,user,,2026-01-04 17:38:33,2026-01-04 17:38:33
44,memory-test-15,865366dc-fd4f-4dbb-962b-d4b6adf26ee0,standard,initialized,1,0,0,,,,2026-01-04 17:39:01,,,,0,user,,2026-01-04 17:38:33,2026-01-04 17:38:33
45,memory-test-16,c046448c-da13-4ed5-881e-d84d563072a8,standard,initialized,1,0,0,,,,2026-01-04 17:39:01,,,,0,user,,2026-01-04 17:38:33,2026-01-04 17:38:33
46,memory-test-17,ba426f5b-6f61-4b0f-b408-824545829e13,standard,initialized,1,0,0,,,,2026-01-04 17:39:01,,,,0,user,,2026-01-04 17:38:33,2026-01-04 17:38:33
47,memory-test-18,47a6ffc9-241b-4143-a8d3-e3d4a0a29682,standard,initialized,1,0,0,,,,2026-01-04 17:39:01,,,,0,user,,2026-01-04 17:38:33,2026-01-04 17:38:33
48,memory-test-19,9857b66b-efa4-4e2e-9563-8635cd90d1e8,standard,initialized,1,0,0,,,,2026-01-04 17:39:01,,,,0,user,,2026-01-04 17:38:33,2026-01-04 17:38:33
49,memory-test-20,0f9b1fb3-03a8-449b-80e7-b3060684e582,standard,initialized,1,0,0,,,,2026-01-04 17:39:01,,,,0,user,,2026-01-04 17:38:33,2026-01-04 17:38:33
50,memory-test-21,507a0bea-1043-4f08-9f3f-299060e37f12,standard,initialized,1,0,0,,,,2026-01-04 17:39:01,,,,0,user,,2026-01-04 17:38:33,2026-01-04 17:38:33
51,memory-test-22,fce6a2e9-f0f6-4070-aae5-3d644b37bcf5,standard,initialized,1,0,0,,,,2026-01-04 17:39:01,,,,0,user,,2026-01-04 17:38:33,2026-01-04 17:38:33
52,memory-test-23,078704c3-512c-4f46-a262-fe027d836246,standard,initialized,1,0,0,,,,2026-01-04 17:39:01,,,,0,user,,2026-01-04 17:38:33,2026-01-04 17:38:33
53,memory-test-24,8be20569-da58-463c-bbb5-c07ae1a784a1,standard,initialized,1,0,0,,,,2026-01-04 17:39:01,,,,0,user,,2026-01-04 17:38:33,2026-01-04 17:38:33
54,memory-test-25,747e79eb-fe5e-4b8c-af58-76cb205e3084,standard,initialized,1,0,0,,,,2026-01-04 17:39:01,,,,0,user,,2026-01-04 17:38:33,2026-01-04 17:38:33
55,memory-test-26,e81d54e3-95ce-4fff-8eb5-a28f1a0ef296,standard,initialized,1,0,0,,,,2026-01-04 17:39:01,,,,0,user,,2026-01-04 17:38:33,2026-01-04 17:38:33
56,memory-test-27,246bc588-d5b0-4fce-bf14-8352485f2345,standard,initialized,1,0,0,,,,2026-01-04 17:39:01,,,,0,user,,2026-01-04 17:38:33,2026-01-04 17:38:33
57,memory-test-28,d4116f01-a7f2-4dd3-9b16-4ffe146eceef,standard,initialized,1,0,0,,,,2026-01-04 17:39:01,,,,0,user,,2026-01-04 17:38:33,2026-01-04 17:38:33
58,memory-test-29,9178fbd1-38c9-4b1d-827f-d0a011be905c,standard,initialized,1,0,0,,,,2026-01-04 17:39:01,,,,0,user,,2026-01-04 17:38:33,2026-01-04 17:38:33
59,memory-test-30,63ef8238-d0a9-4ef5-bbe2-7839d2374cef,standard,initialized,1,0,0,,,,2026-01-04 17:39:01,,,,0,user,,2026-01-04 17:38:33,2026-01-04 17:38:33
60,memory-test-31,0125f782-ed65-4ad8-8f7d-06fc0483fe6d,standard,initialized,1,0,0,,,,2026-01-04 17:39:01,,,,0,user,,2026-01-04 17:38:33,2026-01-04 17:38:33
61,memory-test-32,7131d276-d8da-4491-8e37-19cb97f9902e,standard,initialized,1,0,0,,,,2026-01-04 17:39:01,,,,0,user,,2026-01-04 17:38:33,2026-01-04 17:38:33
62,memory-test-34,0c36e04f-ad39-4c7f-9100-90edbb3b2ae6,standard,initialized,1,0,0,,,,2026-01-04 17:39:01,,,,0,user,,2026-01-04 17:38:33,2026-01-04 17:38:33
63,memory-test-33,01426abf-000f-4c30-a90b-22772b7f2ef0,standard,initialized,1,0,0,,,,2026-01-04 17:39:01,,,,0,user,,2026-01-04 17:38:33,2026-01-04 17:38:33
64,memory-test-35,f82149a7-ebaf-4760-b839-edd37158886b,standard,initialized,1,0,0,,,,2026-01-04 17:39:01,,,,0,user,,2026-01-04 17:38:33,2026-01-04 17:38:33
65,memory-test-36,8f3c6079-3b93-4514-9a7e-965488f80bec,standard,initialized,1,0,0,,,,2026-01-04 17:39:01,,,,0,user,,2026-01-04 17:38:33,2026-01-04 17:38:33
66,memory-test-37,3ca100e6-137c-4042-b26b-4155fd95f6c6,standard,initialized,1,0,0,,,,2026-01-04 17:39:01,,,,0,user,,2026-01-04 17:38:33,2026-01-04 17:38:33
67,memory-test-38,cd86c19f-78e1-4725-8746-033f609c853b,standard,initialized,1,0,0,,,,2026-01-04 17:39:01,,,,0,user,,2026-01-04 17:38:33,2026-01-04 17:38:33
68,memory-test-39,8f733092-e691-430f-b8a8-963a0bac6e36,standard,initialized,1,0,0,,,,2026-01-04 17:39:01,,,,0,user,,2026-01-04 17:38:33,2026-01-04 17:38:33
69,memory-test-40,59b7b112-7e24-485e-9a03-2494c6b6ee97,standard,initialized,1,0,0,,,,2026-01-04 17:39:01,,,,0,user,,2026-01-04 17:38:33,2026-01-04 17:38:33
70,memory-test-41,5edc4b31-b3b1-4d52-91e6-52dc77df93ca,standard,initialized,1,0,0,,,,2026-01-04 17:39:01,,,,0,user,,2026-01-04 17:38:33,2026-01-04 17:38:33
71,memory-test-42,3a963084-2d50-4112-98a5-a8b3d8118592,standard,initialized,1,0,0,,,,2026-01-04 17:39:01,,,,0,user,,2026-01-04 17:38:33,2026-01-04 17:38:33
72,memory-test-43,9b05f89a-227a-40c9-88c2-3b11dd38a63a,standard,initialized,1,0,0,,,,2026-01-04 17:39:01,,,,0,user,,2026-01-04 17:38:33,2026-01-04 17:38:33
73,memory-test-44,51b7c4f8-c31e-4770-81c9-427a2140307f,standard,initialized,1,0,0,,,,2026-01-04 17:39:01,,,,0,user,,2026-01-04 17:38:33,2026-01-04 17:38:33
74,memory-test-45,fe468eac-872b-446f-be7b-568c62a7f888,standard,initialized,1,0,0,,,,2026-01-04 17:39:01,,,,0,user,,2026-01-04 17:38:34,2026-01-04 17:38:34
75,memory-test-46,c9401f21-01e2-49cb-988c-eacf870b40d6,standard,initialized,1,0,0,,,,2026-01-04 17:39:01,,,,0,user,,2026-01-04 17:38:34,2026-01-04 17:38:34
76,memory-test-47,f659ae88-7a7b-49b3-9345-b46fa997aade,standard,initialized,1,0,0,,,,2026-01-04 17:39:01,,,,0,user,,2026-01-04 17:38:34,2026-01-04 17:38:34
77,memory-test-49,71dc0ed5-446d-45d0-ba04-8e8f13508ce0,standard,initialized,1,0,0,,,,2026-01-04 17:39:01,,,,0,user,,2026-01-04 17:38:34,2026-01-04 17:38:34
78,memory-test-48,fc9d94dd-a91c-41e2-b420-c2ed12b47eb2,standard,initialized,1,0,0,,,,2026-01-04 17:39:01,,,,0,user,,2026-01-04 17:38:34,2026-01-04 17:38:34
79,memory-test-50,362ce4cb-2354-479b-b704-9bc3565d63dc,standard,initialized,1,0,0,,,,2026-01-04 17:39:01,,,,0,user,,2026-01-04 17:38:34,2026-01-04 17:38:34
80,memory-test-51,31066d83-2e6f-4991-a057-7893e10f0a0c,standard,initialized,1,0,0,,,,2026-01-04 17:39:01,,,,0,user,,2026-01-04 17:38:34,2026-01-04 17:38:34
81,memory-test-52,e2cf61cd-f959-4b40-ba56-f8f3a9444d73,standard,initialized,1,0,0,,,,2026-01-04 17:39:01,,,,0,user,,2026-01-04 17:38:34,2026-01-04 17:38:34
82,memory-test-53,e577c6c0-4fae-4a46-b42d-78765a06dd5e,standard,initialized,1,0,0,,,,2026-01-04 17:39:01,,,,0,user,,2026-01-04 17:38:34,2026-01-04 17:38:34
83,memory-test-54,faabfb9c-c260-4553-8db9-68feb6195a38,standard,initialized,1,0,0,,,,2026-01-04 17:39:01,,,,0,user,,2026-01-04 17:38:34,2026-01-04 17:38:34
84,memory-test-55,fd084a75-fd07-4b86-814c-0211f4f97360,standard,initialized,1,0,0,,,,2026-01-04 17:39:01,,,,0,user,,2026-01-04 17:38:34,2026-01-04 17:38:34
85,memory-test-56,7bb11b58-6ce7-440c-a2ec-99a1c5866b31,standard,initialized,1,0,0,,,,2026-01-04 17:39:01,,,,0,user,,2026-01-04 17:38:34,2026-01-04 17:38:34
86,memory-test-57,525e25ab-28e0-41eb-ab29-7410eafe16fa,standard,initialized,1,0,0,,,,2026-01-04 17:39:01,,,,0,user,,2026-01-04 17:38:34,2026-01-04 17:38:34
87,memory-test-58,de9b0fc3-0d51-4982-b7d4-fd514fee5cb4,standard,initialized,1,0,0,,,,2026-01-04 17:39:01,,,,0,user,,2026-01-04 17:38:34,2026-01-04 17:38:34
88,memory-test-59,938700c9-99a1-4b0f-861d-b6c19b0eed87,standard,initialized,1,0,0,,,,2026-01-04 17:39:01,,,,0,user,,2026-01-04 17:38:34,2026-01-04 17:38:34
89,memory-test-60,9e5fec8a-21a8-4dff-a2a6-39a5666404c0,standard,initialized,1,0,0,,,,2026-01-04 17:39:01,,,,0,user,,2026-01-04 17:38:34,2026-01-04 17:38:34
90,memory-test-61,73d718c2-0046-487f-914c-0cd6181d8149,standard,initialized,1,0,0,,,,2026-01-04 17:39:01,,,,0,user,,2026-01-04 17:38:34,2026-01-04 17:38:34
91,memory-test-62,34088bd3-bbfd-4dc3-8d0b-27b466f61d1a,standard,initialized,1,0,0,,,,2026-01-04 17:39:01,,,,0,user,,2026-01-04 17:38:34,2026-01-04 17:38:34
92,memory-test-63,e27a705b-009c-4c99-8a88-0fd62f2911cd,standard,initialized,1,0,0,,,,2026-01-04 17:39:01,,,,0,user,,2026-01-04 17:38:34,2026-01-04 17:38:34
93,memory-test-64,ffabb002-efcd-478b-8c83-3e39beff0372,standard,initialized,1,0,0,,,,2026-01-04 17:39:01,,,,0,user,,2026-01-04 17:38:34,2026-01-04 17:38:34
94,memory-test-65,c882d675-cf23-4b42-9f54-60d5e2a00040,standard,initialized,1,0,0,,,,2026-01-04 17:39:01,,,,0,user,,2026-01-04 17:38:34,2026-01-04 17:38:34
95,memory-test-66,f1bd4669-97b2-4627-b811-80d7120f821f,standard,initialized,1,0,0,,,,2026-01-04 17:39:01,,,,0,user,,2026-01-04 17:38:34,2026-01-04 17:38:34
96,memory-test-67,fce278fd-9ac2-45df-b4bf-8b0b5cd8a21c,standard,initialized,1,0,0,,,,2026-01-04 17:39:01,,,,0,user,,2026-01-04 17:38:34,2026-01-04 17:38:34
97,memory-test-68,b5aadb95-8f5c-4e82-a813-00f9d5a46a5c,standard,initialized,1,0,0,,,,2026-01-04 17:39:01,,,,0,user,,2026-01-04 17:38:34,2026-01-04 17:38:34
98,memory-test-69,13f13e68-d3a2-4883-8420-4a7b969ce1c7,standard,initialized,1,0,0,,,,2026-01-04 17:39:01,,,,0,user,,2026-01-04 17:38:34,2026-01-04 17:38:34
99,memory-test-70,382eea52-c616-4e09-a156-1d4f5a12d3f4,standard,initialized,1,0,0,,,,2026-01-04 17:39:01,,,,0,user,,2026-01-04 17:38:34,2026-01-04 17:38:34
100,memory-test-71,a7983b05-4c9b-4d01-8d3e-935f5caaaa5b,standard,initialized,1,0,0,,,,2026-01-04 17:39:01,,,,0,user,,2026-01-04 17:38:34,2026-01-04 17:38:34
101,memory-test-72,965cf072-6d3b-4a5f-8e8d-d588e15dfa84,standard,initialized,1,0,0,,,,2026-01-04 17:39:01,,,,0,user,,2026-01-04 17:38:34,2026-01-04 17:38:34
102,memory-test-73,1db8efbb-57f5-4f5e-9b9e-bbe43decfee0,standard,initialized,1,0,0,,,,2026-01-04 17:39:01,,,,0,user,,2026-01-04 17:38:34,2026-01-04 17:38:34
103,memory-test-74,b7ad5eda-9c07-499e-8aa8-a48a0752cfa9,standard,initialized,1,0,0,,,,2026-01-04 17:39:01,,,,0,user,,2026-01-04 17:38:34,2026-01-04 17:38:34
104,memory-test-75,a246e019-e4cf-4314-8aeb-0e4dc739a529,standard,initialized,1,0,0,,,,2026-01-04 17:39:01,,,,0,user,,2026-01-04 17:38:35,2026-01-04 17:38:35
105,memory-test-76,f51275f1-00ab-42a7-a3a6-0fccd7977955,standard,initialized,1,0,0,,,,2026-01-04 17:39:01,,,,0,user,,2026-01-04 17:38:35,2026-01-04 17:38:35
106,memory-test-77,a4c10386-cdc3-450d-afda-2801f786483e,standard,initialized,1,0,0,,,,2026-01-04 17:39:01,,,,0,user,,2026-01-04 17:38:35,2026-01-04 17:38:35
107,memory-test-78,440e9701-bd98-49fd-baed-9b00db0889e0,standard,initialized,1,0,0,,,,2026-01-04 17:39:01,,,,0,user,,2026-01-04 17:38:35,2026-01-04 17:38:35
108,memory-test-79,f2deaa76-bfd3-4fac-8c5a-96396559de4f,standard,initialized,1,0,0,,,,2026-01-04 17:39:01,,,,0,user,,2026-01-04 17:38:35,2026-01-04 17:38:35
109,memory-test-80,696d5522-a534-4246-aac3-8686073bc9c8,standard,initialized,1,0,0,,,,2026-01-04 17:39:01,,,,0,user,,2026-01-04 17:38:35,2026-01-04 17:38:35
110,memory-test-81,ba1a6911-267e-4d57-9e29-d07e9ec16d7e,standard,initialized,1,0,0,,,,2026-01-04 17:39:01,,,,0,user,,2026-01-04 17:38:35,2026-01-04 17:38:35
111,memory-test-82,504a6622-be07-4666-a6e6-1d9fe9342dfe,standard,initialized,1,0,0,,,,2026-01-04 17:39:01,,,,0,user,,2026-01-04 17:38:35,2026-01-04 17:38:35
112,memory-test-83,1d6b89dd-4a6d-4e67-9f76-0c07583f624e,standard,initialized,1,0,0,,,,2026-01-04 17:39:01,,,,0,user,,2026-01-04 17:38:35,2026-01-04 17:38:35
113,memory-test-84,dc8f91da-36a7-4896-aac6-854de4c775c7,standard,initialized,1,0,0,,,,2026-01-04 17:39:01,,,,0,user,,2026-01-04 17:38:35,2026-01-04 17:38:35
114,memory-test-85,f695c1fd-8ba4-4d8b-8c71-e673c2eae619,standard,initialized,1,0,0,,,,2026-01-04 17:39:01,,,,0,user,,2026-01-04 17:38:35,2026-01-04 17:38:35
115,memory-test-86,13a39f25-8262-44f8-b6bd-0c419c64f38c,standard,initialized,1,0,0,,,,2026-01-04 17:39:01,,,,0,user,,2026-01-04 17:38:35,2026-01-04 17:38:35
116,memory-test-87,20bb8065-db91-4190-bb0d-53bc7a15bd3b,standard,initialized,1,0,0,,,,2026-01-04 17:39:01,,,,0,user,,2026-01-04 17:38:35,2026-01-04 17:38:35
117,memory-test-88,3cb50515-8aa5-494e-ba18-4fb1414dcefc,standard,initialized,1,0,0,,,,2026-01-04 17:39:01,,,,0,user,,2026-01-04 17:38:35,2026-01-04 17:38:35
118,memory-test-89,9ca4938b-45f9-4bfa-a828-ddcc6edca805,standard,initialized,1,0,0,,,,2026-01-04 17:39:01,,,,0,user,,2026-01-04 17:38:35,2026-01-04 17:38:35
119,memory-test-90,cd6202a0-af4d-42af-814a-2763724e8fa4,standard,initialized,1,0,0,,,,2026-01-04 17:39:01,,,,0,user,,2026-01-04 17:38:35,2026-01-04 17:38:35
120,memory-test-91,bcae74e7-3ca9-42d2-94e3-414185437b0b,standard,initialized,1,0,0,,,,2026-01-04 17:39:01,,,,0,user,,2026-01-04 17:38:35,2026-01-04 17:38:35
121,memory-test-92,bcb6ec64-676d-4656-ab36-d9e1f90d83fc,standard,initialized,1,0,0,,,,2026-01-04 17:39:01,,,,0,user,,2026-01-04 17:38:35,2026-01-04 17:38:35
122,memory-test-93,6f7cfd3e-f55b-4242-8b15-135a2d9bfbec,standard,initialized,1,0,0,,,,2026-01-04 17:39:01,,,,0,user,,2026-01-04 17:38:35,2026-01-04 17:38:35
123,memory-test-94,0f9d3995-1b23-48d5-9e14-45c063f1ca76,standard,initialized,1,0,0,,,,2026-01-04 17:39:01,,,,0,user,,2026-01-04 17:38:35,2026-01-04 17:38:35
124,memory-test-95,16a2dcdf-0ed8-40f3-b046-9d911b1e7041,standard,initialized,1,0,0,,,,2026-01-04 17:39:01,,,,0,user,,2026-01-04 17:38:35,2026-01-04 17:38:35
125,memory-test-96,e727b15a-fdae-4a6d-8ab6-a677eefbf12f,standard,initialized,1,0,0,,,,2026-01-04 17:39:01,,,,0,user,,2026-01-04 17:38:35,2026-01-04 17:38:35
126,memory-test-97,2fd526f5-275c-42fe-bd2e-0d2181f9166f,standard,initialized,1,0,0,,,,2026-01-04 17:39:01,,,,0,user,,2026-01-04 17:38:35,2026-01-04 17:38:35
127,memory-test-98,7f233c58-2141-431c-b8f6-089a6c45c003,standard,initialized,1,0,0,,,,2026-01-04 17:39:01,,,,0,user,,2026-01-04 17:38:35,2026-01-04 17:38:35
128,memory-test-99,85e5778a-3525-4adc-9571-4e66b4d5076d,standard,initialized,1,0,0,,,,2026-01-04 17:39:01,,,,0,user,,2026-01-04 17:38:36,2026-01-04 17:38:36
129,memory-test-101,a04cefbc-0009-4553-8f3c-e411886f8024,standard,initialized,1,0,0,,,,2026-01-04 17:39:01,,,,0,user,,2026-01-04 17:38:36,2026-01-04 17:38:36
130,memory-test-100,720f06ed-7b9a-45cd-809c-83cc7ce659ea,standard,initialized,1,0,0,,,,2026-01-04 17:39:01,,,,0,user,,2026-01-04 17:38:36,2026-01-04 17:38:36
131,memory-test-102,83f2853a-df91-4340-a8ef-ec6052f0ceaf,standard,initialized,1,0,0,,,,2026-01-04 17:39:01,,,,0,user,,2026-01-04 17:38:36,2026-01-04 17:38:36
132,memory-test-103,8254679e-cfbd-497c-8a12-1cbd60d7d7ed,standard,initialized,1,0,0,,,,2026-01-04 17:39:01,,,,0,user,,2026-01-04 17:38:36,2026-01-04 17:38:36
133,memory-test-104,829a1f9f-2830-476e-8b1a-5c1af78dc4ef,standard,initialized,1,0,0,,,,2026-01-04 17:39:01,,,,0,user,,2026-01-04 17:38:36,2026-01-04 17:38:36
134,memory-test-105,5ef9099b-1205-4670-9d6a-b3e6c6b3cdae,standard,initialized,1,0,0,,,,2026-01-04 17:39:01,,,,0,user,,2026-01-04 17:38:36,2026-01-04 17:38:36
135,memory-test-106,8fe13e0d-5151-4407-b230-cd26083697eb,standard,initialized,1,0,0,,,,2026-01-04 17:39:01,,,,0,user,,2026-01-04 17:38:36,2026-01-04 17:38:36
136,memory-test-107,f7d270ec-c5e5-4b96-a180-b1c45a6cc098,standard,initialized,1,0,0,,,,2026-01-04 17:39:01,,,,0,user,,2026-01-04 17:38:36,2026-01-04 17:38:36
137,memory-test-108,a09ab583-289d-4005-a134-25346cc4be31,standard,initialized,1,0,0,,,,2026-01-04 17:39:01,,,,0,user,,2026-01-04 17:38:36,2026-01-04 17:38:36
138,memory-test-109,2bb7f7a6-be54-43f9-aeb1-31fc93602128,standard,initialized,1,0,0,,,,2026-01-04 17:39:01,,,,0,user,,2026-01-04 17:38:36,2026-01-04 17:38:36
139,memory-test-110,46e32a26-c25b-437d-b436-c61316185080,standard,initialized,1,0,0,,,,2026-01-04 17:39:01,,,,0,user,,2026-01-04 17:38:36,2026-01-04 17:38:36
140,memory-test-111,710fae49-b343-435e-9a2b-26048d5e2a72,standard,initialized,1,0,0,,,,2026-01-04 17:39:01,,,,0,user,,2026-01-04 17:38:36,2026-01-04 17:38:36
141,memory-test-112,65b75a1c-50f3-4644-adbd-e041fece4dda,standard,initialized,1,0,0,,,,2026-01-04 17:39:01,,,,0,user,,2026-01-04 17:38:36,2026-01-04 17:38:36
142,memory-test-113,13537572-efcd-4bbe-8059-d8aa8f2864eb,standard,initialized,1,0,0,,,,2026-01-04 17:39:01,,,,0,user,,2026-01-04 17:38:36,2026-01-04 17:38:36
143,memory-test-114,3f38ac65-96e1-4baf-af8e-94a76fa55ff2,standard,initialized,1,0,0,,,,2026-01-04 17:39:01,,,,0,user,,2026-01-04 17:38:36,2026-01-04 17:38:36
144,memory-test-115,4a9d6980-f7d8-4d39-82ae-f5aa0569ea55,standard,initialized,1,0,0,,,,2026-01-04 17:39:01,,,,0,user,,2026-01-04 17:38:36,2026-01-04 17:38:36
145,memory-test-116,57fbca2f-ed8c-4b98-9008-213536650ae3,standard,initialized,1,0,0,,,,2026-01-04 17:39:01,,,,0,user,,2026-01-04 17:38:36,2026-01-04 17:38:36
146,memory-test-117,c262c794-0995-494d-b021-8d0e9d6a945a,standard,initialized,1,0,0,,,,2026-01-04 17:39:01,,,,0,user,,2026-01-04 17:38:36,2026-01-04 17:38:36
147,memory-test-118,8cd26b5d-27f2-4a66-86da-df5447f3327e,standard,initialized,1,0,0,,,,2026-01-04 17:39:01,,,,0,user,,2026-01-04 17:38:36,2026-01-04 17:38:36
148,memory-test-119,ea28e5f2-2f9d-43e0-862d-519f9e7a386a,standard,initialized,1,0,0,,,,2026-01-04 17:39:01,,,,0,user,,2026-01-04 17:38:36,2026-01-04 17:38:36
149,memory-test-120,08a6f66a-c7bb-4d90-9b7d-0ef2fd52f29f,standard,initialized,1,0,0,,,,2026-01-04 17:39:01,,,,0,user,,2026-01-04 17:38:36,2026-01-04 17:38:36
150,memory-test-121,dfda552d-fa28-4426-86c8-ca719f02fb11,standard,initialized,1,0,0,,,,2026-01-04 17:39:01,,,,0,user,,2026-01-04 17:38:36,2026-01-04 17:38:36
151,memory-test-122,d9a0cebb-6254-4291-b28f-b55cba013c0d,standard,initialized,1,0,0,,,,2026-01-04 17:39:01,,,,0,user,,2026-01-04 17:38:36,2026-01-04 17:38:36
152,memory-test-123,86aae880-ae0c-4955-92df-cfcb6cc719e9,standard,initialized,1,0,0,,,,2026-01-04 17:39:01,,,,0,user,,2026-01-04 17:38:37,2026-01-04 17:38:37
153,memory-test-124,0e6f39c8-3871-40c4-9bf5-90948e507155,standard,initialized,1,0,0,,,,2026-01-04 17:39:01,,,,0,user,,2026-01-04 17:38:37,2026-01-04 17:38:37
154,memory-test-125,243a41ab-c745-4c15-93c2-5c88ac2e2e14,standard,initialized,1,0,0,,,,2026-01-04 17:39:01,,,,0,user,,2026-01-04 17:38:37,2026-01-04 17:38:37
155,memory-test-126,fd487971-f238-4e75-9a18-60e1ca7f68f4,standard,initialized,1,0,0,,,,2026-01-04 17:39:01,,,,0,user,,2026-01-04 17:38:37,2026-01-04 17:38:37
156,memory-test-127,fcf4b13b-47da-4750-af66-d33ee4ed4180,standard,initialized,1,0,0,,,,2026-01-04 17:39:01,,,,0,user,,2026-01-04 17:38:37,2026-01-04 17:38:37
157,memory-test-128,77216cd5-c8c3-45a1-9c94-87a7d9f29ad4,standard,initialized,1,0,0,,,,2026-01-04 17:39:01,,,,0,user,,2026-01-04 17:38:37,2026-01-04 17:38:37
158,memory-test-129,1b8851e9-a9fc-4889-abd0-2caa2050a22f,standard,initialized,1,0,0,,,,2026-01-04 17:39:01,,,,0,user,,2026-01-04 17:38:37,2026-01-04 17:38:37
159,memory-test-130,3bd2addc-7aae-48ba-80ee-4466c58c041e,standard,initialized,1,0,0,,,,2026-01-04 17:39:01,,,,0,user,,2026-01-04 17:38:37,2026-01-04 17:38:37
160,memory-test-131,d10496ae-7504-4087-8bc1-772eb7243683,standard,initialized,1,0,0,,,,2026-01-04 17:39:01,,,,0,user,,2026-01-04 17:38:37,2026-01-04 17:38:37
161,memory-test-132,28078d2d-a1ee-4bf7-b1f6-feade9b01dc5,standard,initialized,1,0,0,,,,2026-01-04 17:39:01,,,,0,user,,2026-01-04 17:38:37,2026-01-04 17:38:37
162,memory-test-133,782ee481-6adf-4363-9369-deea6fc7e711,standard,initialized,1,0,0,,,,2026-01-04 17:39:01,,,,0,user,,2026-01-04 17:38:37,2026-01-04 17:38:37
163,memory-test-134,d17fa98a-66f0-4f36-851f-31f94460b18e,standard,initialized,1,0,0,,,,2026-01-04 17:39:01,,,,0,user,,2026-01-04 17:38:37,2026-01-04 17:38:37
164,memory-test-135,f71ebb69-3cd0-4dbc-bb23-656d83bf03c3,standard,initialized,1,0,0,,,,2026-01-04 17:39:01,,,,0,user,,2026-01-04 17:38:37,2026-01-04 17:38:37
165,memory-test-136,6b8dd8ba-b497-4e78-a248-c13ebb4141d0,standard,initialized,1,0,0,,,,2026-01-04 17:39:01,,,,0,user,,2026-01-04 17:38:37,2026-01-04 17:38:37
166,memory-test-137,df7b8d16-bbb9-4eb9-97ab-4dc981a614fc,standard,initialized,1,0,0,,,,2026-01-04 17:39:01,,,,0,user,,2026-01-04 17:38:37,2026-01-04 17:38:37
167,memory-test-138,7c3d512f-3900-4370-9018-486ba2188a04,standard,initialized,1,0,0,,,,2026-01-04 17:39:01,,,,0,user,,2026-01-04 17:38:37,2026-01-04 17:38:37
168,memory-test-139,63342553-4357-4bc4-a66c-9f7cbb35a212,standard,initialized,1,0,0,,,,2026-01-04 17:39:01,,,,0,user,,2026-01-04 17:38:37,2026-01-04 17:38:37
169,memory-test-140,d74427c7-a563-40d4-b2d1-86e4fd908356,standard,initialized,1,0,0,,,,2026-01-04 17:39:01,,,,0,user,,2026-01-04 17:38:37,2026-01-04 17:38:37
170,memory-test-141,aa11f390-0a2e-4e96-ab1b-8d95abd47aa5,standard,initialized,1,0,0,,,,2026-01-04 17:39:01,,,,0,user,,2026-01-04 17:38:38,2026-01-04 17:38:38
171,memory-test-143,982cc413-79e6-445c-80c2-75903d235c55,standard,initialized,1,0,0,,,,2026-01-04 17:39:01,,,,0,user,,2026-01-04 17:38:38,2026-01-04 17:38:38
172,memory-test-142,bbd7d278-7139-41b9-947c-173b58577a2f,standard,initialized,1,0,0,,,,2026-01-04 17:39:01,,,,0,user,,2026-01-04 17:38:38,2026-01-04 17:38:38
173,memory-test-144,6918637b-0b7d-4191-88a4-74bd39811c80,standard,initialized,1,0,0,,,,2026-01-04 17:39:01,,,,0,user,,2026-01-04 17:38:38,2026-01-04 17:38:38
174,memory-test-145,8508c1a9-2071-4f65-af8c-5686738d7f91,standard,initialized,1,0,0,,,,2026-01-04 17:39:01,,,,0,user,,2026-01-04 17:38:38,2026-01-04 17:38:38
175,memory-test-146,e8d69f85-54f4-4420-bd6b-4d3d8a83c000,standard,initialized,1,0,0,,,,2026-01-04 17:39:01,,,,0,user,,2026-01-04 17:38:38,2026-01-04 17:38:38
176,memory-test-147,f4e85d91-329b-4e8f-8391-286166b28f05,standard,initialized,1,0,0,,,,2026-01-04 17:39:01,,,,0,user,,2026-01-04 17:38:38,2026-01-04 17:38:38
177,memory-test-148,dbc90740-8085-4ace-8104-afbdc6a2d624,standard,initialized,1,0,0,,,,2026-01-04 17:39:01,,,,0,user,,2026-01-04 17:38:38,2026-01-04 17:38:38
178,memory-test-149,ab2b31ce-72b5-4e01-baff-b1435e7cf3ce,standard,initialized,1,0,0,,,,2026-01-04 17:39:01,,,,0,user,,2026-01-04 17:38:38,2026-01-04 17:38:38
179,memory-test-150,25d2d4d8-97b6-4d9e-ad4c-43291aa9ceb9,standard,initialized,1,0,0,,,,2026-01-04 17:39:01,,,,0,user,,2026-01-04 17:38:38,2026-01-04 17:38:38
180,memory-test-151,dcaef8e1-60bf-41bb-ae90-d959590b9ef3,standard,initialized,1,0,0,,,,2026-01-04 17:39:01,,,,0,user,,2026-01-04 17:38:38,2026-01-04 17:38:38
181,memory-test-152,c2cc575d-3622-4875-876c-0035709b04ce,standard,initialized,1,0,0,,,,2026-01-04 17:39:01,,,,0,user,,2026-01-04 17:38:38,2026-01-04 17:38:38
182,memory-test-153,dcdf6260-1044-4f5e-ae1c-45b20a44fd52,standard,initialized,1,0,0,,,,2026-01-04 17:39:01,,,,0,user,,2026-01-04 17:38:38,2026-01-04 17:38:38
183,memory-test-154,e0e90a8a-f666-4152-9b43-efad2b38da4a,standard,initialized,1,0,0,,,,2026-01-04 17:39:01,,,,0,user,,2026-01-04 17:38:38,2026-01-04 17:38:38
184,memory-test-155,08db917b-e9dd-47e7-9938-aaa4f2bb54da,standard,initialized,1,0,0,,,,2026-01-04 17:39:01,,,,0,user,,2026-01-04 17:38:38,2026-01-04 17:38:38
185,memory-test-156,f9bc521f-919a-406a-a229-e27ffce586a3,standard,initialized,1,0,0,,,,2026-01-04 17:39:01,,,,0,user,,2026-01-04 17:38:38,2026-01-04 17:38:38
186,memory-test-158,f042ed12-9ffb-4aea-87d8-e376fa3d64a7,standard,initialized,1,0,0,,,,2026-01-04 17:39:01,,,,0,user,,2026-01-04 17:38:38,2026-01-04 17:38:38
187,memory-test-157,3b20baba-bcfb-46e6-9c4f-64ef58ccb7bb,standard,initialized,1,0,0,,,,2026-01-04 17:39:01,,,,0,user,,2026-01-04 17:38:38,2026-01-04 17:38:38
188,memory-test-159,f639dfc9-8429-4d12-b1a3-bd6ba5463f28,standard,initialized,1,0,0,,,,2026-01-04 17:39:01,,,,0,user,,2026-01-04 17:38:39,2026-01-04 17:38:39
189,memory-test-160,50c0f7f5-9828-4918-a9e5-c83301c464d6,standard,initialized,1,0,0,,,,2026-01-04 17:39:01,,,,0,user,,2026-01-04 17:38:39,2026-01-04 17:38:39
190,memory-test-161,e2f3a631-c08d-4151-b04a-b9b41477360e,standard,initialized,1,0,0,,,,2026-01-04 17:39:01,,,,0,user,,2026-01-04 17:38:39,2026-01-04 17:38:39
191,memory-test-162,a3f4ba8d-7f81-492a-8d68-7d095b070271,standard,initialized,1,0,0,,,,2026-01-04 17:39:01,,,,0,user,,2026-01-04 17:38:39,2026-01-04 17:38:39
192,memory-test-163,942a65da-66b6-4b5b-b6a3-78150bbcebbb,standard,initialized,1,0,0,,,,2026-01-04 17:39:01,,,,0,user,,2026-01-04 17:38:39,2026-01-04 17:38:39
193,memory-test-164,796b77d5-4f62-4137-8e79-1ca0fda00b81,standard,initialized,1,0,0,,,,2026-01-04 17:39:01,,,,0,user,,2026-01-04 17:38:39,2026-01-04 17:38:39
194,memory-test-165,ce64a1b1-0307-4eab-910b-fc7228018c4b,standard,initialized,1,0,0,,,,2026-01-04 17:39:01,,,,0,user,,2026-01-04 17:38:39,2026-01-04 17:38:39
195,memory-test-166,b12a5692-eb04-4e69-9ca8-5190763bb14b,standard,initialized,1,0,0,,,,2026-01-04 17:39:01,,,,0,user,,2026-01-04 17:38:39,2026-01-04 17:38:39
196,memory-test-167,3c880860-4511-4212-bbc2-4d5ef605ad75,standard,initialized,1,0,0,,,,2026-01-04 17:39:01,,,,0,user,,2026-01-04 17:38:39,2026-01-04 17:38:39
197,memory-test-168,e3f8e793-9ab0-4049-8575-dd833db74178,standard,initialized,1,0,0,,,,2026-01-04 17:39:01,,,,0,user,,2026-01-04 17:38:39,2026-01-04 17:38:39
198,memory-test-169,06676976-dd1e-4643-bf36-9233f41d42dd,standard,initialized,1,0,0,,,,2026-01-04 17:39:01,,,,0,user,,2026-01-04 17:38:39,2026-01-04 17:38:39
199,memory-test-170,b99fe88e-8981-4fc6-866b-91438ddee381,standard,initialized,1,0,0,,,,2026-01-04 17:39:01,,,,0,user,,2026-01-04 17:38:39,2026-01-04 17:38:39
200,memory-test-171,ed19c487-0e8b-43c4-bbb4-41654c2f23b0,standard,initialized,1,0,0,,,,2026-01-04 17:39:01,,,,0,user,,2026-01-04 17:38:39,2026-01-04 17:38:39
201,memory-test-172,94d5e2dc-95f5-4f93-8227-d8c56d10d661,standard,initialized,1,0,0,,,,2026-01-04 17:39:01,,,,0,user,,2026-01-04 17:38:39,2026-01-04 17:38:39
202,memory-test-173,d0d64de5-cc88-42ed-97d4-2a35cab70f2e,standard,initialized,1,0,0,,,,2026-01-04 17:39:01,,,,0,user,,2026-01-04 17:38:39,2026-01-04 17:38:39
203,memory-test-175,55221cc8-baba-4de1-8281-c4be927d7e43,standard,initialized,1,0,0,,,,2026-01-04 17:39:01,,,,0,user,,2026-01-04 17:38:40,2026-01-04 17:38:40
204,memory-test-174,97f20023-91f6-4fa2-a5ee-e7fdb4a3628d,standard,initialized,1,0,0,,,,2026-01-04 17:39:01,,,,0,user,,2026-01-04 17:38:40,2026-01-04 17:38:40
205,memory-test-176,56275047-70e8-463a-ae28-b76f9f5e38a6,standard,initialized,1,0,0,,,,2026-01-04 17:39:01,,,,0,user,,2026-01-04 17:38:40,2026-01-04 17:38:40
206,memory-test-177,b8dca480-5da3-40bf-8f80-4f55d40f6f6f,standard,initialized,1,0,0,,,,2026-01-04 17:39:01,,,,0,user,,2026-01-04 17:38:40,2026-01-04 17:38:40
207,memory-test-178,c080ed68-6fdd-40c1-a6a6-fe7230a4a641,standard,initialized,1,0,0,,,,2026-01-04 17:39:01,,,,0,user,,2026-01-04 17:38:40,2026-01-04 17:38:40
208,memory-test-179,dfd69060-c16a-494d-b94b-c3986d3930f9,standard,initialized,1,0,0,,,,2026-01-04 17:39:01,,,,0,user,,2026-01-04 17:38:40,2026-01-04 17:38:40
209,memory-test-180,f5cc563c-8367-4421-8d59-78993bf8b3c4,standard,initialized,1,0,0,,,,2026-01-04 17:39:01,,,,0,user,,2026-01-04 17:38:40,2026-01-04 17:38:40
210,memory-test-181,cbf1b197-e276-4f74-8300-952e9ae917fe,standard,initialized,1,0,0,,,,2026-01-04 17:39:01,,,,0,user,,2026-01-04 17:38:40,2026-01-04 17:38:40
211,memory-test-182,fa14c796-156b-4f7d-8038-ecbec66dbd89,standard,initialized,1,0,0,,,,2026-01-04 17:39:01,,,,0,user,,2026-01-04 17:38:40,2026-01-04 17:38:40
212,memory-test-183,cbe28d61-61b7-4c1b-b5ce-dd912cafc75d,standard,initialized,1,0,0,,,,2026-01-04 17:39:01,,,,0,user,,2026-01-04 17:38:40,2026-01-04 17:38:40
213,memory-test-184,d3f282b3-4e13-477a-826f-e0904b986f72,standard,initialized,1,0,0,,,,2026-01-04 17:39:01,,,,0,user,,2026-01-04 17:38:40,2026-01-04 17:38:40
214,memory-test-185,afbe3350-776b-409f-8018-64026246a012,standard,initialized,1,0,0,,,,2026-01-04 17:39:01,,,,0,user,,2026-01-04 17:38:40,2026-01-04 17:38:40
215,memory-test-186,970e2c67-1c9b-41e6-9663-0d962d157109,standard,initialized,1,0,0,,,,2026-01-04 17:39:01,,,,0,user,,2026-01-04 17:38:40,2026-01-04 17:38:40
216,memory-test-187,de7802fe-9c61-4c54-972a-cfa0e31236e2,standard,initialized,1,0,0,,,,2026-01-04 17:39:01,,,,0,user,,2026-01-04 17:38:40,2026-01-04 17:38:40
217,memory-test-188,358c1690-f551-4440-906d-2f3dce8b1b44,standard,initialized,1,0,0,,,,2026-01-04 17:39:01,,,,0,user,,2026-01-04 17:38:40,2026-01-04 17:38:40
218,memory-test-189,30a7ff67-506d-4e51-833a-2508ad07d599,standard,initialized,1,0,0,,,,2026-01-04 17:39:01,,,,0,user,,2026-01-04 17:38:41,2026-01-04 17:38:41
219,memory-test-191,37c09a38-5c37-4911-8ba5-4e5c2c33abf9,standard,initialized,1,0,0,,,,2026-01-04 17:39:01,,,,0,user,,2026-01-04 17:38:41,2026-01-04 17:38:41
220,memory-test-190,cbd671a1-b813-4b43-b61c-8f4f72744510,standard,initialized,1,0,0,,,,2026-01-04 17:39:01,,,,0,user,,2026-01-04 17:38:41,2026-01-04 17:38:41
221,memory-test-192,57b31126-33a6-4770-8ed9-9c2747389074,standard,cancelled,1,0,0,,,,2026-01-04 17:39:01,,,,0,user,,2026-01-04 17:38:41,2026-01-05 13:57:35
222,memory-test-193,d00e88fe-544e-437d-8362-641c08a6567b,standard,initialized,1,0,0,,,,2026-01-04 17:39:01,,,,0,user,,2026-01-04 17:38:41,2026-01-04 17:38:41
223,memory-test-194,38d3fc66-1c7e-4da3-aba4-827418fc68db,standard,initialized,1,0,0,,,,2026-01-04 17:39:01,,,,0,user,,2026-01-04 17:38:41,2026-01-04 17:38:41
224,memory-test-195,a745534a-90bc-43da-bb29-3621ab159e7e,standard,cancelled,1,0,0,,,,2026-01-04 17:39:01,,,,0,user,,2026-01-04 17:38:41,2026-01-05 13:57:34
225,memory-test-196,dcd8d1a8-1df7-4683-a8e3-bd9a2312657a,standard,cancelled,1,0,0,,,,2026-01-04 17:39:01,,,,0,user,,2026-01-04 17:38:41,2026-01-05 13:57:32
226,memory-test-197,cd89b39d-902f-48ce-b08b-2e9cff1ccbd5,standard,cancelled,1,0,0,,,,2026-01-04 17:39:01,,,,0,user,,2026-01-04 17:38:41,2026-01-05 13:57:28
227,memory-test-198,534ebd65-403a-4be5-ba19-4f05c9ed320d,standard,initialized,1,0,0,,,,2026-01-04 17:39:01,,,,0,user,,2026-01-04 17:38:41,2026-01-04 17:38:41
228,memory-test-199,b877c47e-fd43-4649-856e-d22eb13aa668,standard,initialized,1,0,0,,,,2026-01-04 17:39:01,,,,0,user,,2026-01-04 17:38:41,2026-01-04 17:38:41
229,cache-test-1,73ac3903-fb2c-43fe-9f92-4e04e9d3da3c,standard,initialized,1,0,0,,,,2026-01-04 17:39:02,,,,0,user,,2026-01-04 17:38:41,2026-01-04 17:38:41
230,cache-test-2,809ae0b0-e7cf-4510-9248-e3097f96244d,standard,initialized,1,0,0,,,,2026-01-04 17:39:02,,,,0,user,,2026-01-04 17:38:41,2026-01-04 17:38:41
231,observer-flow-test,4f5c9cd5-7b3f-40a6-848f-e577f254073e,standard,initialized,1,0,0,,,,2026-01-04 17:39:02,,,,0,user,,2026-01-04 17:38:41,2026-01-04 17:38:41
232,insider-flow-test,50cc6e55-a279-4200-bbf3-15ccd75753cd,medium,cancelled,2,0,0,,,,2026-01-04 17:40:02,,,,0,user,,2026-01-04 17:38:41,2026-01-05 13:57:33
233,syndicate-flow-test,1a655724-f2a5-48ca-a5ad-a101717d2510,full,cancelled,6,0,0,,,,2026-01-04 17:44:32,,,,0,user,,2026-01-04 17:38:42,2026-01-05 13:57:24
234,syndicate-partial-test,4e63c72b-4de5-41f2-ac70-1d86902c3cde,full,cancelled,6,0,0,,,,2026-01-04 17:44:32,,,,0,user,,2026-01-04 17:38:42,2026-01-05 13:57:26
235,circuit-breaker-test,6cf48b21-8dbb-4ab7-b866-1e89a34c0fff,standard,cancelled,1,0,0,,,,2026-01-04 17:39:02,,,,0,user,,2026-01-04 17:38:43,2026-01-05 13:57:20
236,circuit-breaker-test,e732f311-9da4-4115-849d-5cb3bb07c0a2,standard,cancelled,1,0,0,,,,2026-01-04 17:39:02,,,,0,retry_queue,,2026-01-04 17:38:43,2026-01-05 13:57:23
237,admin-regen-test,65555e5b-de5e-435d-bfd2-8ffec3117e60,full,cancelled,6,0,0,,,,2026-01-04 17:44:32,,,,0,user,,2026-01-04 17:38:43,2026-01-05 13:57:15
238,admin-regen-test,53e6b788-e06a-4ed0-ae44-0ff4f429e431,full,cancelled,6,0,0,,,,2026-01-04 17:44:32,,,,0,admin,,2026-01-04 17:38:43,2026-01-05 13:57:21
30001,test-session-1,b8159ae2-7f6d-4d76-bad9-bafd0fd6ed09,standard,initialized,1,0,0,,,,2026-01-05 14:56:56,,,,0,user,,2026-01-05 14:56:26,2026-01-05 14:56:26
