id,signature,walletAddress,usedAt
1,0x92371b63a8c511f7d9298751a859e96088edebc654b24883de077a1ce7125aa76e0c96cd27a4e91b4176cb6fc8d6928f1ba39580b1b3b3ccceb8f8a95800f4c51b,0xa14504ffe5e9a245c9d4079547fa16fa0a823114,2025-12-27 16:29:31
30001,0x3554aaf0e33de812b9bda828c06ff9a106d400920464dd6cb6443af687effb3d5017f1c6684030ac359503f82f7b83d1b98f29a4122da2248e5c9ebaf25b6f6a1b,0xa14504ffe5e9a245c9d4079547fa16fa0a823114,2025-12-27 17:06:11
60001,0xac38950c62353811b8d1a1bc92ae7adc3453baff37c4840bf1c542461582f09811ebeea113dca8729bc33f8d4ad9312135ad1420ae05ede068f53c376b63cf551b,0xa14504ffe5e9a245c9d4079547fa16fa0a823114,2025-12-28 21:57:24
90001,0x51be319ab23676682f595e616a79f8e369f107ee68ecbdf48fc9fea4ec539fd67959e12df95cfc4d20c5920a36c3d6e577dee634db6f197f70a5d04373a82c311c,0xa14504ffe5e9a245c9d4079547fa16fa0a823114,2025-12-29 09:28:34
120001,0xb9a5dce908da1f70a25232e28685eab750410f6bd6eac3e740b66cf0c531ab7157855b5b7e71e8ca5a214b23d89d3ec757f1d3f8cc031396b92f8d69ba82705b1c,0xa14504ffe5e9a245c9d4079547fa16fa0a823114,2025-12-31 17:24:30
150001,0xe6ffe4a8bce3483886a051744142f5f41728c21de390d394b2267727e28f7a636e669548dd5292e46ecc1f42dd079882b7ee1117424457c6db46e17c9e23d4891c,0xa14504ffe5e9a245c9d4079547fa16fa0a823114,2026-01-02 19:31:56
180001,0xc0009f18bdcb691db702abc2e496be7970a8a9e23761efc78dd169473bd7a8c672ce6bc75beb1ba39b6a0585fd1b5c4e9708e34528bbfa1f4db45251c6e2a35e1c,0xa14504ffe5e9a245c9d4079547fa16fa0a823114,2026-01-02 19:59:50
180002,0x9b30e87b41a7b312a293af3376379d846b1443eba6e35027edf5d6b1c52fb8b146a8c2b70a974f8295f61d2a3aa63362dcb05a157b43fdd5af4ae82bfce72fb31c,0xa14504ffe5e9a245c9d4079547fa16fa0a823114,2026-01-02 20:13:12
180003,0x17f5adec472ccf42084222d5f3224109b72eea67ebc7bc3a34c3bd9d0c171c3d54ac2281592f43c216e79c6da9a79997e3a4e539b4bcf95c1300b97b9e07a05f1c,0xa14504ffe5e9a245c9d4079547fa16fa0a823114,2026-01-02 20:19:28
180004,0xf22e9745546cf572fef33d9b9458f4d092bb509b73f95932fc3f6f6ec6a0fbfe1abcd36c86a95f5a80d02d0a672ea400dc3e6782da7281b073163431de921aee1b,0xa14504ffe5e9a245c9d4079547fa16fa0a823114,2026-01-02 20:24:25
210001,0x3d913bd55ae00c07f2cd94f9c4c5b2ed55278853b1341cf392ec893bf4a7bffa1fe2f71b2c40e2af65014fd0d239bd833ae6cf39dbd0290eb71b7c3f45d7f8521b,0xa14504ffe5e9a245c9d4079547fa16fa0a823114,2026-01-04 19:50:15
210002,0xdace122f57ac50619ef4a1add961077b2285867884cea41c4fe8955a4aca4e303b81acf41b2f1cbde78d08df0b830cacf05c80b52937df446bccbf93838072af1b,0xa14504ffe5e9a245c9d4079547fa16fa0a823114,2026-01-04 20:22:56
240001,0x831abbd8a29386b550e7c0eb4aac878cff0cf6e6c41920f695cc4a9dc342dae00637b52428c8b9998e57a2e8523b8a448a1df58b3786b83e947cce8777c31c741b,0xa14504ffe5e9a245c9d4079547fa16fa0a823114,2026-01-05 13:54:50
240002,0x819413b1db03f05e62f929fbf012a0e462a73b194c3f0d5ba77f55b46bf383c62d6b3c67fff3b126999d0999375b6d158b2b8ada55d184344a41bec044f8a14f1b,0xa14504ffe5e9a245c9d4079547fa16fa0a823114,2026-01-05 13:56:55
240003,0x70f4507d44d3c0e55b2133742f09eaca8ef31fc66ca857347ed2cbea7ae016dc470802379306cb97f3ec74af02088d0b2bceb7442cf6da7505e917bcdc8cdb081b,0xa14504ffe5e9a245c9d4079547fa16fa0a823114,2026-01-05 14:38:19
240004,0x83b9d0dc52f95247a912dd43aa26159588a6da5e277b2ba246f27da24afb9b2759d2c8529214e88aaa90fcd90d9ebfaa771f5e34b216bede20bca0d8448ae4351c,0xa14504ffe5e9a245c9d4079547fa16fa0a823114,2026-01-05 15:08:57
240005,0x82caffa1cd49b7d9e699b6ed59ef94999a185b447d1fac6b915788209c7a20dc06e92628447ddc421cf317b640da37edb935f36c5ae6199e26a5e030104621bf1b,0xa14504ffe5e9a245c9d4079547fa16fa0a823114,2026-01-05 15:11:00
240006,0x4429c315e22850fc7d4240ae0c132782e697ddff7cb7bd12f9e32c0e6184a5d6241bb5968e02e90de039f45712260bcd885e5e3e75b9e2321534961a4948fd7b1c,0xa14504ffe5e9a245c9d4079547fa16fa0a823114,2026-01-05 15:36:23
240007,0x8abf30ffe45de86f256ce9d386173038cdfe78795ee33ae7847fe70d00df04b84a6cd25db082c15a824be2f1b340a0e9dc5db3f5fbf40013a3dd5062317db0521c,0xa14504ffe5e9a245c9d4079547fa16fa0a823114,2026-01-05 15:37:09
240008,0x5252a1f381ff2a85d972348ec53d69df2e1ddbfc24bc8ae9816702195fdd9fda10bbcaae6949896b7b6daaa25661b04b5b962fab45d572179a093020678d29d61b,0xa14504ffe5e9a245c9d4079547fa16fa0a823114,2026-01-05 15:50:31
240009,0xafac86741a50affb994fe784fb7461b9129d7bc6bb52d669703cebb6ee6bf9a364f0700d8a4d101f27433fa825f2387e05f9fca63b4da08405de5e8f8cdd9ba11c,0xa14504ffe5e9a245c9d4079547fa16fa0a823114,2026-01-05 17:33:47
240010,0x339730acc665b75c79f5c9df6deca48c7eafc254dc04c235ce775e9ae4c84412138e1ac300e0a07ff71efbcecb54e7a94f19a62e8546e5ff7ec548eb946927a41b,0xa14504ffe5e9a245c9d4079547fa16fa0a823114,2026-01-05 18:01:14
240011,0xde56566994b9ceed7d5f2281ffa4118298a0e90e6fab5f0f7d233ac9ef2410ef70aafb6a66a576873445336cb448d8283221d1aa5e0957808dc04ebf9862a64b1c,0xa14504ffe5e9a245c9d4079547fa16fa0a823114,2026-01-05 18:02:19
240012,0xfcaff7d3b706ec4158e6c66fe50db74a91fbceeff2d7ebee1b80d6e96acdbd650b9af12db587753d9dfa5b958b5046540720e5154a7e737f0382fad5a9e600811c,0xa14504ffe5e9a245c9d4079547fa16fa0a823114,2026-01-05 18:40:03
240013,0xe4049d091f523f0be900137869f6ebdb80e4ac800fa530a89205b256c9a5dd8066bed54f8b750572eb8a2871067d6a66809716af9131cb4acedf64fc00f796a61c,0xa14504ffe5e9a245c9d4079547fa16fa0a823114,2026-01-05 21:49:27
240014,0x15e0c8ef22d5889c3920afb09f41d46c338857210c28393f00453c28dbeb67512ec8b7578a0d1a46a64fda256a7b6092d0a3c7b4ac02822071c5a219faf4a4121c,0xa14504ffe5e9a245c9d4079547fa16fa0a823114,2026-01-06 11:04:03
